FE,EngDispl,NumCyl,NumGears,TransLockup,TransCreeperGear,IntakeValvePerCyl,ExhaustValvesPerCyl,VarValveTiming,VarValveLift,B0,B1
28.0198,4.7,8,6,1,0,2,2,1,0,50.56322991,-4.520929279
25.6094,4.7,8,6,1,0,2,2,1,0,50.56322991,-4.520929279
26.8,4.2,8,6,1,0,2,2,1,0,50.56322991,-4.520929279
25.0451,4.2,8,6,1,0,2,2,1,0,50.56322991,-4.520929279
24.8,5.2,10,6,0,0,2,2,1,0,50.56322991,-4.520929279
23.9,5.2,10,6,0,0,2,2,1,0,50.56322991,-4.520929279
39.7256,2,4,6,0,0,2,2,1,0,50.56322991,-4.520929279
24.4,6,12,6,0,0,2,2,1,0,50.56322991,-4.520929279
39.7103,3,6,6,1,0,2,2,1,1,50.56322991,-4.520929279
38.7896,3,6,6,0,0,2,2,1,1,50.56322991,-4.520929279
33.6296,3,6,7,1,0,2,2,1,0,50.56322991,-4.520929279
35.2678,3,6,6,0,0,2,2,1,0,50.56322991,-4.520929279
17.8,8,16,7,0,0,2,2,1,0,50.56322991,-4.520929279
27.1,6.2,8,6,0,0,1,1,0,0,50.56322991,-4.520929279
34.3493,6.2,8,6,1,0,1,1,0,0,50.56322991,-4.520929279
35.8,6.2,8,6,0,0,1,1,0,0,50.56322991,-4.520929279
33.7,7,8,6,0,0,1,1,0,0,50.56322991,-4.520929279
30,8.4,10,6,0,0,1,1,1,0,50.56322991,-4.520929279
30,8.4,10,6,0,0,1,1,1,0,50.56322991,-4.520929279
24.3499,4.5,8,7,0,0,2,2,1,0,50.56322991,-4.520929279
20.99,5.7,12,6,0,0,2,2,1,0,50.56322991,-4.520929279
21.1,5.7,12,6,0,0,2,2,1,0,50.56322991,-4.520929279
25.4,5.2,10,6,1,0,2,2,1,0,50.56322991,-4.520929279
24,5.2,10,6,0,0,2,2,1,0,50.56322991,-4.520929279
25.4,5.2,10,6,0,0,2,2,1,0,50.56322991,-4.520929279
22.6,5.2,10,6,0,0,2,2,1,0,50.56322991,-4.520929279
17.5,6.5,12,7,0,0,2,2,1,0,50.56322991,-4.520929279
19.9,6.5,12,7,0,0,2,2,1,0,50.56322991,-4.520929279
19.9,6.5,12,7,0,0,2,2,1,0,50.56322991,-4.520929279
17.5,6.5,12,7,0,0,2,2,1,0,50.56322991,-4.520929279
19.9,6.5,12,7,0,0,2,2,1,0,50.56322991,-4.520929279
37.62,1.8,4,6,0,0,2,2,1,1,50.56322991,-4.520929279
37.0028,1.8,4,6,0,0,2,2,1,1,50.56322991,-4.520929279
38.9959,2,4,5,0,0,2,2,1,0,50.56322991,-4.520929279
39,2,4,6,0,0,2,2,1,0,50.56322991,-4.520929279
38.512,2,4,6,1,0,2,2,1,0,50.56322991,-4.520929279
29.3,5.5,8,7,1,0,2,2,1,0,50.56322991,-4.520929279
35.9,3,6,6,0,0,2,2,1,0,50.56322991,-4.520929279
36.2,3.5,6,7,1,0,2,2,1,0,50.56322991,-4.520929279
34.5,3.5,6,7,1,0,2,2,1,0,50.56322991,-4.520929279
34.7927,3.5,6,6,0,0,2,2,1,0,50.56322991,-4.520929279
30.8,5.5,8,7,1,0,2,1,1,0,50.56322991,-4.520929279
57.8,1,3,5,1,0,2,2,1,0,50.56322991,-4.520929279
57.8,1,3,5,1,0,2,2,1,0,50.56322991,-4.520929279
35.9802,3.7,6,6,1,0,2,2,1,1,50.56322991,-4.520929279
36.9,3.7,6,7,1,0,2,2,1,1,50.56322991,-4.520929279
34.5832,3.7,6,7,1,0,2,2,1,1,50.56322991,-4.520929279
34.9,3.7,6,6,0,0,2,2,1,1,50.56322991,-4.520929279
37.5,2,4,5,1,0,2,2,1,0,50.56322991,-4.520929279
40,2,4,5,0,0,2,2,1,0,50.56322991,-4.520929279
33.6,2.4,4,5,1,0,2,2,1,0,50.56322991,-4.520929279
36.4,2.4,4,5,0,0,2,2,1,0,50.56322991,-4.520929279
28.5532,3.8,6,6,0,0,2,2,1,1,50.56322991,-4.520929279
27.372,3.8,6,6,0,0,2,2,1,1,50.56322991,-4.520929279
37.3296,2.9,6,6,0,0,2,2,1,1,50.56322991,-4.520929279
41.3608,2.9,6,7,0,0,2,2,1,1,50.56322991,-4.520929279
36.7299,3.4,6,6,0,0,2,2,1,1,50.56322991,-4.520929279
40.9978,3.4,6,7,0,0,2,2,1,1,50.56322991,-4.520929279
37.3296,2.9,6,6,0,0,2,2,1,1,50.56322991,-4.520929279
41.3608,2.9,6,7,0,0,2,2,1,1,50.56322991,-4.520929279
36.7299,3.4,6,6,0,0,2,2,1,1,50.56322991,-4.520929279
40.9978,3.4,6,7,0,0,2,2,1,1,50.56322991,-4.520929279
37.5,2,4,5,1,0,2,2,1,0,50.56322991,-4.520929279
40,2,4,5,0,0,2,2,1,0,50.56322991,-4.520929279
36.4,2.4,4,5,0,0,2,2,1,0,50.56322991,-4.520929279
33.6,2.4,4,5,1,0,2,2,1,0,50.56322991,-4.520929279
27.471,4.2,8,6,1,0,3,2,1,0,50.56322991,-4.520929279
23.6523,5.9,12,6,1,0,2,2,0,0,50.56322991,-4.520929279
27.2408,5.9,12,6,1,0,2,2,0,0,50.56322991,-4.520929279
22.9258,5.9,12,6,1,0,2,2,0,0,50.56322991,-4.520929279
24.6983,5.9,12,6,1,0,2,2,0,0,50.56322991,-4.520929279
26.1157,4.3,8,7,0,0,2,2,1,0,50.56322991,-4.520929279
32.8808,5,8,6,1,0,2,2,1,1,50.56322991,-4.520929279
30.3378,5,8,6,1,0,2,2,1,0,50.56322991,-4.520929279
30.8027,5,8,6,1,0,2,2,1,1,50.56322991,-4.520929279
31.6,4.3,8,6,1,0,2,2,1,0,50.56322991,-4.520929279
35.5,3.5,6,6,0,0,2,2,1,0,50.56322991,-4.520929279
51.6555,1.6,4,6,0,0,2,2,1,1,50.56322991,-4.520929279
47.2025,1.6,4,6,1,0,2,2,1,1,50.56322991,-4.520929279
52,1.6,4,6,0,0,2,2,1,1,50.56322991,-4.520929279
47.2025,1.6,4,6,1,0,2,2,1,1,50.56322991,-4.520929279
44.5714,1.6,4,6,1,0,2,2,1,0,50.56322991,-4.520929279
47.7592,1.6,4,6,0,0,2,2,1,0,50.56322991,-4.520929279
44.5714,1.6,4,6,1,0,2,2,1,0,50.56322991,-4.520929279
47.7592,1.6,4,6,0,0,2,2,1,0,50.56322991,-4.520929279
46.5047,1.6,4,6,0,0,2,2,1,1,50.56322991,-4.520929279
46.5047,1.6,4,6,0,0,2,2,1,1,50.56322991,-4.520929279
36.2628,2.4,4,4,1,0,2,2,0,1,50.56322991,-4.520929279
33.2,3.8,6,5,1,0,2,2,0,1,50.56322991,-4.520929279
35.2427,3.6,6,6,0,0,2,2,1,1,50.56322991,-4.520929279
37.6908,3.6,6,7,0,0,2,2,1,1,50.56322991,-4.520929279
34.8754,3.6,6,6,0,0,2,2,1,1,50.56322991,-4.520929279
36.7563,3.6,6,7,0,0,2,2,1,1,50.56322991,-4.520929279
34.8754,3.6,6,6,0,0,2,2,1,1,50.56322991,-4.520929279
36.4395,3.6,6,7,0,0,2,2,1,1,50.56322991,-4.520929279
34.8754,3.6,6,6,0,0,2,2,1,1,50.56322991,-4.520929279
36.4395,3.6,6,7,0,0,2,2,1,1,50.56322991,-4.520929279
34.5148,3.8,6,6,0,0,2,2,1,1,50.56322991,-4.520929279
36.013,3.8,6,7,0,0,2,2,1,1,50.56322991,-4.520929279
34.5148,3.8,6,6,0,0,2,2,1,1,50.56322991,-4.520929279
37.0769,3.8,6,7,0,0,2,2,1,1,50.56322991,-4.520929279
34.5148,3.8,6,6,0,0,2,2,1,1,50.56322991,-4.520929279
37.0769,3.8,6,7,0,0,2,2,1,1,50.56322991,-4.520929279
35.2427,3.6,6,6,0,0,2,2,1,1,50.56322991,-4.520929279
37.6908,3.6,6,7,0,0,2,2,1,1,50.56322991,-4.520929279
35.3594,3.8,6,6,0,0,2,2,1,1,50.56322991,-4.520929279
36.9347,3.8,6,7,0,0,2,2,1,1,50.56322991,-4.520929279
36.9347,3.8,6,7,0,0,2,2,1,1,50.56322991,-4.520929279
35.3594,3.8,6,6,0,0,2,2,1,1,50.56322991,-4.520929279
33.8482,3.8,6,7,1,0,2,2,1,1,50.56322991,-4.520929279
33.1649,3.8,6,6,0,0,2,2,1,1,50.56322991,-4.520929279
34.255,3.8,6,7,1,0,2,2,1,1,50.56322991,-4.520929279
33.2357,3.8,6,6,0,0,2,2,1,1,50.56322991,-4.520929279
33.8482,3.8,6,7,1,0,2,2,1,1,50.56322991,-4.520929279
34.255,3.8,6,7,1,0,2,2,1,1,50.56322991,-4.520929279
39.7267,2.5,5,6,0,0,2,2,1,0,50.56322991,-4.520929279
26.6208,5.9,12,6,1,0,2,2,0,0,50.56322991,-4.520929279
42.7743,2,4,1,0,0,2,2,1,1,50.56322991,-4.520929279
37,2,4,6,1,0,2,2,1,1,50.56322991,-4.520929279
37.7989,2,4,6,1,0,2,2,1,1,50.56322991,-4.520929279
42.575,2,4,6,1,0,2,2,1,1,50.56322991,-4.520929279
36.2,3.2,6,6,0,0,2,2,1,1,50.56322991,-4.520929279
31,4.2,8,6,1,0,2,2,1,0,50.56322991,-4.520929279
29.3,4.2,8,6,0,0,2,2,1,0,50.56322991,-4.520929279
34,3,6,7,0,0,2,2,1,0,50.56322991,-4.520929279
39.7256,2,4,6,0,0,2,2,1,0,50.56322991,-4.520929279
23.2715,6,12,6,1,0,2,2,1,0,50.56322991,-4.520929279
38.1696,3,6,6,1,0,2,2,1,1,50.56322991,-4.520929279
38.7896,3,6,6,0,0,2,2,1,1,50.56322991,-4.520929279
39.7103,3,6,6,1,0,2,2,1,1,50.56322991,-4.520929279
38.7896,3,6,6,0,0,2,2,1,1,50.56322991,-4.520929279
35.5,3,6,6,1,0,2,2,1,0,50.56322991,-4.520929279
35.2678,3,6,6,0,0,2,2,1,0,50.56322991,-4.520929279
36.1548,3,6,6,1,0,2,2,1,0,50.56322991,-4.520929279
35.7081,3,6,6,0,0,2,2,1,0,50.56322991,-4.520929279
39.7103,3,6,6,1,0,2,2,1,1,50.56322991,-4.520929279
38.7896,3,6,6,0,0,2,2,1,1,50.56322991,-4.520929279
38.1696,3,6,6,1,0,2,2,1,1,50.56322991,-4.520929279
36.798,3,6,6,1,0,2,2,1,1,50.56322991,-4.520929279
35.5404,3,6,6,1,0,2,2,1,1,50.56322991,-4.520929279
35.4606,3,6,6,0,0,2,2,1,1,50.56322991,-4.520929279
36.1548,3,6,6,1,0,2,2,1,0,50.56322991,-4.520929279
35.7081,3,6,6,0,0,2,2,1,0,50.56322991,-4.520929279
36.1548,3,6,6,1,0,2,2,1,0,50.56322991,-4.520929279
35.7081,3,6,6,0,0,2,2,1,0,50.56322991,-4.520929279
34.7288,3,6,6,1,0,2,2,1,0,50.56322991,-4.520929279
34.2853,3,6,6,1,0,2,2,1,0,50.56322991,-4.520929279
30.5375,4.8,8,6,1,0,2,2,1,1,50.56322991,-4.520929279
31.3747,4.8,8,6,1,0,2,2,1,1,50.56322991,-4.520929279
28.8,4.8,8,6,1,0,2,2,1,1,50.56322991,-4.520929279
31.8,4.8,8,6,1,0,2,2,1,1,50.56322991,-4.520929279
27.3704,4,8,7,1,0,2,2,1,0,50.56322991,-4.520929279
27.3,4,8,6,0,0,2,2,1,0,50.56322991,-4.520929279
28.4,4,8,6,0,0,2,2,1,0,50.56322991,-4.520929279
27.9711,4,8,7,1,0,2,2,1,0,50.56322991,-4.520929279
23.227,5,10,6,1,0,2,2,1,0,50.56322991,-4.520929279
23.6182,5,10,7,1,0,2,2,1,0,50.56322991,-4.520929279
23.7,5,10,6,1,0,2,2,1,0,50.56322991,-4.520929279
24.0505,5,10,7,1,0,2,2,1,0,50.56322991,-4.520929279
47.9,1.6,4,4,1,0,2,2,1,0,50.56322991,-4.520929279
48.9,1.6,4,5,0,0,2,2,1,0,50.56322991,-4.520929279
51.9,2.2,4,5,0,0,2,2,1,0,50.56322991,-4.520929279
46.8,2.2,4,4,1,0,2,2,1,0,50.56322991,-4.520929279
41.9,2,4,5,0,0,2,2,1,0,50.56322991,-4.520929279
51.9,2.2,4,5,0,0,2,2,1,0,50.56322991,-4.520929279
32.7568,4,6,5,1,1,1,1,0,0,50.56322991,-4.520929279
36.3926,4,6,5,0,0,1,1,0,0,50.56322991,-4.520929279
32.1109,4.6,8,5,1,1,2,1,1,0,50.56322991,-4.520929279
33.8,4.6,8,5,0,1,2,1,1,0,50.56322991,-4.520929279
30.4,5.4,8,6,0,0,2,2,0,0,50.56322991,-4.520929279
50.5,1.8,4,5,1,0,2,2,1,1,50.56322991,-4.520929279
48.6,1.8,4,5,0,0,2,2,1,1,50.56322991,-4.520929279
51.1915,1.8,4,5,1,0,2,2,1,1,50.56322991,-4.520929279
40.5,2,4,6,0,0,2,2,1,1,50.56322991,-4.520929279
41.7998,2,4,5,1,0,2,2,1,0,50.56322991,-4.520929279
42,2,4,6,0,0,2,2,1,0,50.56322991,-4.520929279
38.0484,3.8,6,6,1,0,2,2,1,0,50.56322991,-4.520929279
36.4,3.8,6,6,0,0,2,2,1,0,50.56322991,-4.520929279
32.9748,3.7,6,6,0,0,2,2,1,1,50.56322991,-4.520929279
35.2288,3.7,6,7,1,0,2,2,1,1,50.56322991,-4.520929279
34.7305,3.7,6,6,0,0,2,2,1,1,50.56322991,-4.520929279
37.065,3.7,6,7,1,0,2,2,1,1,50.56322991,-4.520929279
35.162,3.7,6,7,1,0,2,2,1,1,50.56322991,-4.520929279
36.2901,2.5,6,6,1,0,2,2,1,0,50.56322991,-4.520929279
36.7047,2.5,6,6,0,0,2,2,1,0,50.56322991,-4.520929279
40.8247,2.5,6,6,1,0,2,2,1,0,50.56322991,-4.520929279
36.5564,3.5,6,6,1,0,2,2,1,0,50.56322991,-4.520929279
32.0888,5,8,8,1,0,2,2,1,0,50.56322991,-4.520929279
26.8817,4.2,8,6,0,0,2,2,1,0,50.56322991,-4.520929279
26.7022,4.7,8,6,0,0,2,2,1,0,50.56322991,-4.520929279
26.5604,4.7,8,6,0,0,2,2,1,0,50.56322991,-4.520929279
30.2,1.3,2,6,0,0,0,0,0,0,50.56322991,-4.520929279
32.1,1.3,2,6,1,0,0,0,0,0,50.56322991,-4.520929279
36.0876,3.5,6,7,1,0,2,2,1,0,50.56322991,-4.520929279
31.7,5.5,8,7,1,0,2,2,1,0,50.56322991,-4.520929279
51.6555,1.6,4,6,0,0,2,2,1,1,50.56322991,-4.520929279
47.2025,1.6,4,6,1,0,2,2,1,1,50.56322991,-4.520929279
44.5714,1.6,4,6,1,0,2,2,1,0,50.56322991,-4.520929279
47.7592,1.6,4,6,0,0,2,2,1,0,50.56322991,-4.520929279
46.5047,1.6,4,6,0,0,2,2,1,1,50.56322991,-4.520929279
38.5995,2.4,4,5,0,0,2,2,0,1,50.56322991,-4.520929279
37.4902,2.4,4,4,1,0,2,2,0,1,50.56322991,-4.520929279
34.6,3.8,6,6,0,0,2,2,0,1,50.56322991,-4.520929279
33.2,3.8,6,5,1,0,2,2,0,1,50.56322991,-4.520929279
44.7365,2.5,4,1,1,0,2,2,1,0,50.56322991,-4.520929279
43.8,2.5,4,6,0,0,2,2,1,0,50.56322991,-4.520929279
37.9628,3.5,6,6,0,0,2,2,1,0,50.56322991,-4.520929279
38.0169,3.5,6,1,1,0,2,2,1,0,50.56322991,-4.520929279
29.0307,3.8,6,6,1,0,2,2,1,0,50.56322991,-4.520929279
51.9,2.2,4,5,0,0,2,2,1,0,50.56322991,-4.520929279
46.8,2.2,4,4,1,0,2,2,1,0,50.56322991,-4.520929279
46.8,2.2,4,4,1,0,2,2,1,0,50.56322991,-4.520929279
51.9,2.2,4,5,0,0,2,2,1,0,50.56322991,-4.520929279
51.9,2.2,4,5,0,0,2,2,1,0,50.56322991,-4.520929279
29.14,4.6,8,5,1,0,2,1,1,0,50.56322991,-4.520929279
31.61,4.6,8,5,0,0,2,1,1,0,50.56322991,-4.520929279
41.2,2,4,6,0,0,2,2,0,0,50.56322991,-4.520929279
37.5,2,4,5,1,0,2,2,0,0,50.56322991,-4.520929279
48.9,1.6,4,5,0,0,2,2,1,0,50.56322991,-4.520929279
42.1,1.6,4,4,1,0,2,2,1,0,50.56322991,-4.520929279
40.2,2.4,4,4,1,0,2,2,1,0,50.56322991,-4.520929279
38.2,2.4,4,5,0,0,2,2,1,0,50.56322991,-4.520929279
47.2,1.8,4,4,1,0,2,2,1,0,50.56322991,-4.520929279
46.9,1.8,4,5,0,0,2,2,1,0,50.56322991,-4.520929279
48.8622,1.5,4,4,1,0,2,2,1,0,50.56322991,-4.520929279
50.6725,1.5,4,5,0,0,2,2,1,0,50.56322991,-4.520929279
41.521,2,4,6,0,0,2,2,1,0,50.56322991,-4.520929279
41.3156,2,4,6,0,0,2,2,1,0,50.56322991,-4.520929279
40.8,2.5,5,6,0,0,2,2,1,0,50.56322991,-4.520929279
39.3753,2.5,5,5,0,0,2,2,1,0,50.56322991,-4.520929279
38.4,2.5,5,5,1,0,2,2,1,0,50.56322991,-4.520929279
38.6,2.5,5,6,0,0,2,2,1,0,50.56322991,-4.520929279
39.3,2.4,4,6,0,0,2,2,1,0,50.56322991,-4.520929279
42.3,2.4,4,5,1,0,2,2,1,0,50.56322991,-4.520929279
37.6,3.5,6,5,1,0,2,2,1,1,50.56322991,-4.520929279
42.7743,2,4,1,0,0,2,2,1,1,50.56322991,-4.520929279
37.7989,2,4,6,1,0,2,2,1,1,50.56322991,-4.520929279
42.575,2,4,6,1,0,2,2,1,1,50.56322991,-4.520929279
34.1,3,6,6,0,0,2,2,1,0,50.56322991,-4.520929279
35,3,6,7,0,0,2,2,1,0,50.56322991,-4.520929279
21.006,6.8,8,6,0,0,1,1,0,0,50.56322991,-4.520929279
21.006,6.8,8,6,0,0,1,1,0,0,50.56322991,-4.520929279
23.8,6,12,6,1,0,2,2,1,0,50.56322991,-4.520929279
39.7103,3,6,6,1,0,2,2,1,1,50.56322991,-4.520929279
38.7896,3,6,6,0,0,2,2,1,1,50.56322991,-4.520929279
35.5404,3,6,6,1,0,2,2,1,1,50.56322991,-4.520929279
35.4606,3,6,6,0,0,2,2,1,1,50.56322991,-4.520929279
51.1,3,6,6,1,0,2,2,0,0,50.56322991,-4.520929279
36.1548,3,6,6,1,0,2,2,1,0,50.56322991,-4.520929279
35.7081,3,6,6,0,0,2,2,1,0,50.56322991,-4.520929279
34.7288,3,6,6,1,0,2,2,1,0,50.56322991,-4.520929279
34.2853,3,6,6,1,0,2,2,1,0,50.56322991,-4.520929279
28.4,4,8,6,0,0,2,2,1,0,50.56322991,-4.520929279
27.9711,4,8,7,1,0,2,2,1,0,50.56322991,-4.520929279
47.9,1.6,4,4,1,0,2,2,1,0,50.56322991,-4.520929279
48.9,1.6,4,5,0,0,2,2,1,0,50.56322991,-4.520929279
40.4,3.6,6,6,0,0,2,2,1,0,50.56322991,-4.520929279
40,3.6,6,6,1,0,2,2,1,0,50.56322991,-4.520929279
33.8,6.2,8,6,0,0,1,1,0,0,50.56322991,-4.520929279
35.2,6.2,8,6,1,0,1,1,1,0,50.56322991,-4.520929279
51.9,2.2,4,5,0,0,2,2,1,0,50.56322991,-4.520929279
46.8,2.2,4,4,1,0,2,2,1,0,50.56322991,-4.520929279
51.9,2.2,4,5,0,0,2,2,1,0,50.56322991,-4.520929279
40.1,2.4,4,4,1,0,2,2,1,0,50.56322991,-4.520929279
36.5,2.7,6,4,1,0,2,2,0,0,50.56322991,-4.520929279
37.6,3.5,6,6,1,0,2,2,0,0,50.56322991,-4.520929279
34.7,3.5,6,5,1,0,2,2,0,0,50.56322991,-4.520929279
34.5,5.7,8,5,1,0,1,1,1,0,50.56322991,-4.520929279
33.6,5.7,8,6,0,0,1,1,1,0,50.56322991,-4.520929279
30.1,6.1,8,6,0,0,1,1,0,0,50.56322991,-4.520929279
26,6.1,8,5,1,0,1,1,0,0,50.56322991,-4.520929279
47.3278,2,4,4,1,0,2,2,0,0,50.56322991,-4.520929279
49.3,2,4,5,0,0,2,2,0,0,50.56322991,-4.520929279
43.5,2.4,4,5,0,0,2,2,1,1,50.56322991,-4.520929279
43.3,2.4,4,5,1,0,2,2,1,1,50.56322991,-4.520929279
35.5,3.5,6,6,0,0,2,2,1,1,50.56322991,-4.520929279
39.9,3.5,6,5,1,0,2,2,1,1,50.56322991,-4.520929279
65,1.3,4,1,1,0,1,1,1,1,50.56322991,-4.520929279
62.2674,1.3,4,1,1,0,1,1,1,1,50.56322991,-4.520929279
61.2,1.3,4,1,1,0,1,1,1,1,50.56322991,-4.520929279
50.4,1.6,4,4,1,0,2,2,1,0,50.56322991,-4.520929279
48.2,1.6,4,5,0,0,2,2,1,0,50.56322991,-4.520929279
50.8205,1.6,4,5,0,0,2,2,1,0,50.56322991,-4.520929279
47.2964,2,4,4,1,0,2,2,1,0,50.56322991,-4.520929279
50.9,2,4,5,1,0,2,2,1,0,50.56322991,-4.520929279
47.4,2,4,5,0,0,2,2,1,0,50.56322991,-4.520929279
44.344,2.4,4,5,1,0,2,2,1,0,50.56322991,-4.520929279
44.6,2.4,4,6,0,0,2,2,1,0,50.56322991,-4.520929279
50.2669,1.6,4,4,1,0,2,2,1,0,50.56322991,-4.520929279
48.3188,1.6,4,5,0,0,2,2,1,0,50.56322991,-4.520929279
35.3494,3.5,6,1,0,0,2,2,1,0,50.56322991,-4.520929279
47.4081,2.4,4,1,0,0,2,2,1,0,50.56322991,-4.520929279
46.624,2,4,5,1,0,2,2,1,0,50.56322991,-4.520929279
46.4387,2,4,5,0,0,2,2,1,0,50.56322991,-4.520929279
40.1876,2.5,4,6,0,0,2,2,1,0,50.56322991,-4.520929279
40.8873,2.5,4,5,1,0,2,2,1,0,50.56322991,-4.520929279
35.8,3,6,6,0,0,2,2,1,0,50.56322991,-4.520929279
35.7311,3,6,7,1,0,2,2,1,0,50.56322991,-4.520929279
35.9,3.5,6,7,1,0,2,2,1,0,50.56322991,-4.520929279
34.9,3,6,7,1,0,2,2,1,0,50.56322991,-4.520929279
33.9,3.5,6,7,1,0,2,2,1,0,50.56322991,-4.520929279
34.6,3.5,6,7,1,0,2,2,1,0,50.56322991,-4.520929279
26.6722,6.3,8,7,1,0,2,2,1,0,50.56322991,-4.520929279
29.2,5.5,8,7,1,0,2,2,1,0,50.56322991,-4.520929279
23.9,5.5,12,5,1,0,2,1,1,0,50.56322991,-4.520929279
24.7,6.3,8,7,1,0,2,2,1,0,50.56322991,-4.520929279
23.4,6,12,5,1,0,2,1,1,0,50.56322991,-4.520929279
29,5.5,8,7,1,0,2,2,1,0,50.56322991,-4.520929279
24.8202,6.3,8,7,1,0,2,2,1,0,50.56322991,-4.520929279
42.9363,2,4,5,0,0,2,2,1,0,50.56322991,-4.520929279
42.4579,2,4,1,0,0,2,2,1,0,50.56322991,-4.520929279
34.9,2,4,6,1,0,2,2,1,0,50.56322991,-4.520929279
38.8769,2.4,4,5,0,0,2,2,1,0,50.56322991,-4.520929279
40.3706,2.4,4,1,0,0,2,2,1,0,50.56322991,-4.520929279
30.6,2,4,5,0,0,2,2,1,0,50.56322991,-4.520929279
31.1,2,4,6,1,0,2,2,1,0,50.56322991,-4.520929279
47.9,1.6,4,4,1,0,2,2,1,0,50.56322991,-4.520929279
48.9,1.6,4,5,0,0,2,2,1,0,50.56322991,-4.520929279
42.8,2.4,4,4,1,0,2,2,1,0,50.56322991,-4.520929279
46.9,2.4,4,6,1,0,2,2,1,0,50.56322991,-4.520929279
42.6,2.4,4,4,1,0,2,2,1,0,50.56322991,-4.520929279
46.8,2.4,4,6,1,0,2,2,1,0,50.56322991,-4.520929279
40.3,3.5,6,4,1,0,1,1,1,0,50.56322991,-4.520929279
41.2,3.5,6,4,1,0,1,1,1,0,50.56322991,-4.520929279
35.6,3.6,6,6,1,0,2,2,1,0,50.56322991,-4.520929279
31,3.6,6,4,1,0,2,2,1,0,50.56322991,-4.520929279
24.2,6.7,12,6,1,0,2,2,1,0,50.56322991,-4.520929279
24.2,6.7,12,6,1,0,2,2,1,0,50.56322991,-4.520929279
37.1,2,4,5,1,0,2,2,0,0,50.56322991,-4.520929279
41.1132,2,4,6,0,0,2,2,0,0,50.56322991,-4.520929279
38.4627,2,4,6,1,0,2,2,0,0,50.56322991,-4.520929279
43.1,2,4,6,0,0,2,2,0,0,50.56322991,-4.520929279
38.4997,2,4,5,1,0,2,2,0,0,50.56322991,-4.520929279
37.071,2.5,4,5,0,0,2,2,0,1,50.56322991,-4.520929279
35.9226,2.5,4,4,1,0,2,2,0,1,50.56322991,-4.520929279
34.1435,2.5,4,5,0,0,2,2,1,0,50.56322991,-4.520929279
32.9103,2.5,4,4,1,0,2,2,1,0,50.56322991,-4.520929279
42.3947,2.4,4,1,0,0,2,2,1,0,50.56322991,-4.520929279
41.3959,2.4,4,6,0,0,2,2,1,0,50.56322991,-4.520929279
40.8321,2.4,4,1,0,0,2,2,1,0,50.56322991,-4.520929279
44.0818,2.4,4,1,0,0,2,2,1,0,50.56322991,-4.520929279
43.0035,2.4,4,6,0,0,2,2,1,0,50.56322991,-4.520929279
41.5858,2.4,4,1,0,0,2,2,1,0,50.56322991,-4.520929279
46.3629,2,4,6,0,0,2,2,1,0,50.56322991,-4.520929279
45.1901,2,4,1,1,0,2,2,1,0,50.56322991,-4.520929279
44.708,2,4,6,0,0,2,2,1,0,50.56322991,-4.520929279
41.5661,2,4,1,1,0,2,2,1,0,50.56322991,-4.520929279
48.4,1.8,4,4,1,0,2,2,1,0,50.56322991,-4.520929279
50,1.8,4,5,0,0,2,2,1,0,50.56322991,-4.520929279
42.2,2.4,4,5,0,0,2,2,1,0,50.56322991,-4.520929279
42.6,2.4,4,5,1,0,2,2,1,0,50.56322991,-4.520929279
42,2,4,6,0,0,2,2,1,0,50.56322991,-4.520929279
41.521,2,4,6,0,0,2,2,1,0,50.56322991,-4.520929279
35.1,3.6,6,6,0,0,2,2,1,0,50.56322991,-4.520929279
33.5,3.6,6,6,0,0,2,2,1,0,50.56322991,-4.520929279
60.1,2,4,6,0,0,2,2,0,0,50.56322991,-4.520929279
58.535,2,4,6,0,0,2,2,0,0,50.56322991,-4.520929279
39.6147,2.5,5,5,0,0,2,2,1,0,50.56322991,-4.520929279
40.2409,2.5,5,6,0,0,2,2,1,0,50.56322991,-4.520929279
43.5414,2,4,6,0,0,2,2,1,0,50.56322991,-4.520929279
41.521,2,4,6,0,0,2,2,1,0,50.56322991,-4.520929279
43.5414,2,4,6,0,0,2,2,1,0,50.56322991,-4.520929279
41.521,2,4,6,0,0,2,2,1,0,50.56322991,-4.520929279
60.1,2,4,6,0,0,2,2,0,0,50.56322991,-4.520929279
58.535,2,4,6,0,0,2,2,0,0,50.56322991,-4.520929279
39.5714,2.5,5,5,0,0,2,2,1,0,50.56322991,-4.520929279
40.0169,2.5,5,6,0,0,2,2,1,0,50.56322991,-4.520929279
39.348,2.4,5,5,1,0,2,2,1,0,50.56322991,-4.520929279
39.3,2.4,5,5,0,0,2,2,1,0,50.56322991,-4.520929279
40.6,2.5,5,5,1,0,2,2,1,0,50.56322991,-4.520929279
40.4,2.5,5,6,0,0,2,2,1,0,50.56322991,-4.520929279
37.8,2.5,5,5,1,0,2,2,1,0,50.56322991,-4.520929279
37.8,2.5,5,6,0,0,2,2,1,0,50.56322991,-4.520929279
39.348,2.4,5,5,1,0,2,2,1,0,50.56322991,-4.520929279
39.3,2.4,5,5,0,0,2,2,1,0,50.56322991,-4.520929279
40.6,2.5,5,5,1,0,2,2,1,0,50.56322991,-4.520929279
40.4,2.5,5,6,0,0,2,2,1,0,50.56322991,-4.520929279
30.9,3.7,6,5,1,0,2,2,1,1,50.56322991,-4.520929279
36.8,3.5,6,5,1,0,2,2,1,1,50.56322991,-4.520929279
34.3,3.7,6,5,1,0,2,2,1,1,50.56322991,-4.520929279
34.4,3.7,6,6,0,0,2,2,1,1,50.56322991,-4.520929279
38.9,3.2,6,1,0,0,2,2,1,1,50.56322991,-4.520929279
34.7286,3,6,6,1,0,2,2,1,0,50.56322991,-4.520929279
31.5002,4.2,8,6,1,0,2,2,1,0,50.56322991,-4.520929279
31.5002,4.2,8,6,1,0,2,2,1,0,50.56322991,-4.520929279
26.7,5.2,10,6,0,0,2,2,1,0,50.56322991,-4.520929279
23.2715,6,12,6,1,0,2,2,1,0,50.56322991,-4.520929279
38.1696,3,6,6,1,0,2,2,1,1,50.56322991,-4.520929279
38.7896,3,6,6,0,0,2,2,1,1,50.56322991,-4.520929279
34.7818,3,6,6,1,0,2,2,1,1,50.56322991,-4.520929279
35.4606,3,6,6,0,0,2,2,1,1,50.56322991,-4.520929279
35.8831,3,6,6,1,0,2,2,1,0,50.56322991,-4.520929279
35.7081,3,6,6,0,0,2,2,1,0,50.56322991,-4.520929279
34.7288,3,6,6,1,0,2,2,1,0,50.56322991,-4.520929279
34.2853,3,6,6,1,0,2,2,1,0,50.56322991,-4.520929279
30.5375,4.8,8,6,1,0,2,2,1,1,50.56322991,-4.520929279
31.3747,4.8,8,6,1,0,2,2,1,1,50.56322991,-4.520929279
23.227,5,10,6,1,0,2,2,1,0,50.56322991,-4.520929279
23.6182,5,10,7,1,0,2,2,1,0,50.56322991,-4.520929279
41.696,2.4,4,6,1,0,2,2,1,0,50.56322991,-4.520929279
36.1,3,6,6,1,0,2,2,1,0,50.56322991,-4.520929279
38.1,3.6,6,6,1,0,2,2,1,0,50.56322991,-4.520929279
34.4,3,6,6,1,0,2,2,1,0,50.56322991,-4.520929279
38.3,3,6,6,1,0,2,2,1,0,50.56322991,-4.520929279
36,3,6,6,0,0,2,2,1,0,50.56322991,-4.520929279
34.9,3.6,6,6,0,0,2,2,1,0,50.56322991,-4.520929279
40,3.6,6,6,1,0,2,2,1,0,50.56322991,-4.520929279
24.9754,6.2,8,6,1,0,1,1,0,0,50.56322991,-4.520929279
26.2999,6.2,8,6,0,0,1,1,0,0,50.56322991,-4.520929279
36.1,3,6,6,1,0,2,2,1,0,50.56322991,-4.520929279
37.2,3.6,6,6,1,0,2,2,1,0,50.56322991,-4.520929279
40,3.6,6,6,1,0,2,2,1,0,50.56322991,-4.520929279
34.1,4.6,8,6,1,0,2,2,0,0,50.56322991,-4.520929279
37.2,3.6,6,6,1,0,2,2,1,0,50.56322991,-4.520929279
30.2999,4.6,8,6,1,0,2,2,0,0,50.56322991,-4.520929279
42.8,2.4,4,4,1,0,2,2,1,0,50.56322991,-4.520929279
46.9,2.4,4,6,1,0,2,2,1,0,50.56322991,-4.520929279
42.6,2.4,4,4,1,0,2,2,1,0,50.56322991,-4.520929279
46.8,2.4,4,6,1,0,2,2,1,0,50.56322991,-4.520929279
40.3,3.5,6,4,1,0,1,1,1,0,50.56322991,-4.520929279
41.2,3.5,6,4,1,0,1,1,1,0,50.56322991,-4.520929279
35.6,3.6,6,6,1,0,2,2,1,0,50.56322991,-4.520929279
48.1,2.4,4,4,1,0,2,2,1,0,50.56322991,-4.520929279
41.6998,2.4,4,4,1,0,2,2,1,0,50.56322991,-4.520929279
38.3,2.7,6,4,1,0,2,2,0,0,50.56322991,-4.520929279
37.6,3.5,6,6,1,0,2,2,0,0,50.56322991,-4.520929279
41.6998,2.4,4,4,1,0,2,2,1,0,50.56322991,-4.520929279
38.3,2.7,6,4,1,0,2,2,0,0,50.56322991,-4.520929279
37.6,3.5,6,6,1,0,2,2,0,0,50.56322991,-4.520929279
21.7,5.7,12,6,0,0,2,2,1,0,50.56322991,-4.520929279
21.3,5.7,12,6,0,0,2,2,1,0,50.56322991,-4.520929279
33.5,3.5,6,6,1,1,2,2,1,0,50.56322991,-4.520929279
35.4655,3,6,6,1,1,2,2,1,0,50.56322991,-4.520929279
42.908,2.5,4,6,1,0,2,2,1,0,50.56322991,-4.520929279
40.2,2.5,4,6,0,0,2,2,1,0,50.56322991,-4.520929279
37.9,3,6,6,1,1,2,2,1,0,50.56322991,-4.520929279
37.4,3.5,6,6,1,1,2,2,1,0,50.56322991,-4.520929279
51.6,2.5,4,1,0,0,2,2,1,0,50.56322991,-4.520929279
44.2,2.5,4,6,0,1,2,2,1,0,50.56322991,-4.520929279
47.6493,2.5,4,6,1,0,2,2,1,0,50.56322991,-4.520929279
47.7,2,4,4,1,0,2,2,1,0,50.56322991,-4.520929279
48.2,2,4,5,0,0,2,2,1,0,50.56322991,-4.520929279
49.217,2,4,5,0,0,2,2,1,0,50.56322991,-4.520929279
34.7305,3.7,6,6,0,0,2,2,1,1,50.56322991,-4.520929279
37.065,3.7,6,7,1,0,2,2,1,1,50.56322991,-4.520929279
35.162,3.7,6,7,1,0,2,2,1,1,50.56322991,-4.520929279
34.4855,4.2,8,6,1,0,2,2,1,0,50.56322991,-4.520929279
29.7559,5,8,6,1,0,2,2,1,0,50.56322991,-4.520929279
32.6701,5,8,6,1,0,2,2,1,1,50.56322991,-4.520929279
44.6,2.4,4,5,1,0,2,2,1,0,50.56322991,-4.520929279
44.6,2.4,4,5,0,0,2,2,1,0,50.56322991,-4.520929279
39.8,2.7,6,5,1,0,2,2,1,0,50.56322991,-4.520929279
38.3,3.5,6,6,1,0,2,2,1,0,50.56322991,-4.520929279
36.5564,3.5,6,6,1,0,2,2,1,0,50.56322991,-4.520929279
34.7494,3.5,6,6,1,0,2,2,1,0,50.56322991,-4.520929279
34.0499,4.6,8,8,1,0,2,2,1,0,50.56322991,-4.520929279
33.5509,4.6,8,8,1,0,2,2,1,0,50.56322991,-4.520929279
32.1499,4.6,8,8,1,0,2,2,1,0,50.56322991,-4.520929279
33.5509,4.6,8,8,1,0,2,2,1,0,50.56322991,-4.520929279
32.1499,4.6,8,8,1,0,2,2,1,0,50.56322991,-4.520929279
30.3,5,8,1,0,0,2,2,1,0,50.56322991,-4.520929279
35.4655,3,6,6,1,1,2,2,1,0,50.56322991,-4.520929279
42.908,2.5,4,6,1,0,2,2,1,0,50.56322991,-4.520929279
40.2,2.5,4,6,0,1,2,2,1,0,50.56322991,-4.520929279
37.9,3,6,6,1,1,2,2,1,0,50.56322991,-4.520929279
51.6,2.5,4,1,0,0,2,2,1,0,50.56322991,-4.520929279
47.6493,2.5,4,6,1,1,2,2,1,0,50.56322991,-4.520929279
44.2,2.5,4,6,0,1,2,2,1,0,50.56322991,-4.520929279
33.5,3.5,6,6,1,0,2,2,1,0,50.56322991,-4.520929279
37.4,3.5,6,6,1,0,2,2,1,0,50.56322991,-4.520929279
40.1931,2.5,4,6,0,0,2,2,1,0,50.56322991,-4.520929279
41.6642,2.5,4,5,1,0,2,2,1,0,50.56322991,-4.520929279
34.8235,3.7,6,6,1,0,2,2,1,0,50.56322991,-4.520929279
34.7,2.3,4,6,0,0,2,2,1,0,50.56322991,-4.520929279
36.2,3.5,6,7,1,0,2,2,1,0,50.56322991,-4.520929279
33.2,3.5,6,7,1,0,2,2,1,0,50.56322991,-4.520929279
33,5.5,8,7,1,0,2,2,1,0,50.56322991,-4.520929279
32.3,5.5,8,7,1,0,2,2,1,0,50.56322991,-4.520929279
27.1158,6.3,8,7,1,0,2,2,1,0,50.56322991,-4.520929279
42.2146,2.4,4,4,1,0,2,2,0,1,50.56322991,-4.520929279
45.6729,2.5,4,1,1,0,2,2,1,0,50.56322991,-4.520929279
37.9499,3.5,6,6,0,0,2,2,1,0,50.56322991,-4.520929279
38.0347,3.5,6,1,1,0,2,2,1,0,50.56322991,-4.520929279
46.6,2.5,4,1,1,0,2,2,1,0,50.56322991,-4.520929279
36.4102,3.5,6,1,1,0,2,2,1,0,50.56322991,-4.520929279
43,2,4,6,0,0,2,2,1,0,50.56322991,-4.520929279
47.5129,2,4,1,1,0,2,2,1,0,50.56322991,-4.520929279
39.6,2.5,4,6,0,0,2,2,1,0,50.56322991,-4.520929279
42.6998,2.5,4,1,1,0,2,2,1,0,50.56322991,-4.520929279
46.5,1.6,4,4,1,0,2,2,1,0,50.56322991,-4.520929279
47.3,1.6,4,5,0,0,2,2,1,0,50.56322991,-4.520929279
47.5,1.8,4,1,1,0,2,2,1,0,50.56322991,-4.520929279
44.9,1.8,4,4,1,0,2,2,1,0,50.56322991,-4.520929279
44.2,1.8,4,6,0,0,2,2,1,0,50.56322991,-4.520929279
24.2,6.7,12,6,1,0,2,2,1,0,50.56322991,-4.520929279
37.1185,2.8,6,6,0,0,2,2,1,0,50.56322991,-4.520929279
46.9,2.4,4,6,1,0,2,2,1,0,50.56322991,-4.520929279
46.8,2.4,4,6,1,0,2,2,1,0,50.56322991,-4.520929279
35.6,3.6,6,6,1,0,2,2,1,0,50.56322991,-4.520929279
37.0574,2.5,4,6,0,0,2,2,0,1,50.56322991,-4.520929279
34.6,2.5,4,6,0,0,2,2,1,0,50.56322991,-4.520929279
42.9215,2.5,4,1,1,0,2,2,0,1,50.56322991,-4.520929279
34.2708,3.6,6,5,1,0,2,2,0,1,50.56322991,-4.520929279
46.8,2.5,4,6,0,0,2,2,1,0,50.56322991,-4.520929279
45.0566,2.5,4,6,1,0,2,2,1,0,50.56322991,-4.520929279
39.8,3.5,6,6,1,0,2,2,1,0,50.56322991,-4.520929279
48.2,2.4,4,1,0,0,2,2,1,0,50.56322991,-4.520929279
69.6404,1.8,4,1,0,0,2,2,1,0,50.56322991,-4.520929279
42,2,4,6,0,0,2,2,1,0,50.56322991,-4.520929279
32,3,6,6,1,0,2,2,1,0,50.56322991,-4.520929279
30.8,4.4,8,6,1,0,2,2,1,0,50.56322991,-4.520929279
36.4,3.2,6,6,1,0,2,2,1,0,50.56322991,-4.520929279
31.5002,4.2,8,6,1,0,2,2,1,0,50.56322991,-4.520929279
39.4937,3,6,8,1,0,2,2,1,1,50.56322991,-4.520929279
30.9537,4.4,8,8,1,0,2,2,1,0,50.56322991,-4.520929279
30.562,4.4,8,8,1,0,2,2,1,0,50.56322991,-4.520929279
30.1726,4.4,8,6,1,0,2,2,1,0,50.56322991,-4.520929279
27.7,4.4,8,6,1,0,2,2,1,0,50.56322991,-4.520929279
29.4521,4.4,8,6,1,0,2,2,1,0,50.56322991,-4.520929279
27.7,4.4,8,6,1,0,2,2,1,0,50.56322991,-4.520929279
26.7495,6,12,8,1,0,2,2,1,0,50.56322991,-4.520929279
37.3,3.9,6,4,1,0,1,1,1,0,50.56322991,-4.520929279
36.6,3.9,6,4,1,0,1,1,1,0,50.56322991,-4.520929279
31.9,4.6,8,4,1,0,2,2,0,0,50.56322991,-4.520929279
31.9,4.6,8,4,1,0,2,2,0,0,50.56322991,-4.520929279
31.9,4.6,8,4,1,0,2,2,0,0,50.56322991,-4.520929279
22.7,4.6,8,4,1,0,2,2,0,0,50.56322991,-4.520929279
24.5,4.6,8,4,1,0,2,2,0,0,50.56322991,-4.520929279
40.3,3.5,6,4,1,0,1,1,1,0,50.56322991,-4.520929279
41.2,3.5,6,4,1,0,1,1,1,0,50.56322991,-4.520929279
37.3,3.9,6,4,1,0,1,1,1,0,50.56322991,-4.520929279
32.1,3.5,6,5,1,0,2,2,0,0,50.56322991,-4.520929279
31.9,5.7,8,5,1,0,1,1,1,0,50.56322991,-4.520929279
35.7,2.7,6,4,1,0,2,2,0,0,50.56322991,-4.520929279
34.2,3.5,6,4,1,0,2,2,0,0,50.56322991,-4.520929279
34.5,5.7,8,5,1,0,1,1,1,0,50.56322991,-4.520929279
26,6.1,8,5,1,0,1,1,0,0,50.56322991,-4.520929279
35.7,2.7,6,4,1,0,2,2,0,0,50.56322991,-4.520929279
34.2,3.5,6,4,1,0,2,2,0,0,50.56322991,-4.520929279
34.5,5.7,8,5,1,0,1,1,1,0,50.56322991,-4.520929279
26,6.1,8,5,1,0,1,1,0,0,50.56322991,-4.520929279
32.1,3.5,6,5,1,0,2,2,0,0,50.56322991,-4.520929279
31.9,5.7,8,5,1,0,1,1,1,0,50.56322991,-4.520929279
33.3052,4.6,8,4,1,1,1,1,0,0,50.56322991,-4.520929279
34.9,3.5,6,6,1,1,2,2,1,0,50.56322991,-4.520929279
34.7,3.5,6,6,1,1,2,2,1,0,50.56322991,-4.520929279
37.4,3.5,6,6,1,0,2,2,1,0,50.56322991,-4.520929279
27.8,3.5,6,6,1,0,2,2,1,0,50.56322991,-4.520929279
43.1043,2.4,4,5,0,0,2,2,1,1,50.56322991,-4.520929279
43.2916,2.4,4,5,1,0,2,2,1,1,50.56322991,-4.520929279
41.2,3.5,6,5,1,0,2,2,1,1,50.56322991,-4.520929279
36.2,3.3,6,5,1,0,2,2,1,0,50.56322991,-4.520929279
35.6,3.8,6,5,1,0,2,2,1,0,50.56322991,-4.520929279
38.3,3.8,6,6,1,0,2,2,1,0,50.56322991,-4.520929279
34.2,4.6,8,6,1,0,2,2,1,0,50.56322991,-4.520929279
44.4,2.4,4,5,1,0,2,2,1,0,50.56322991,-4.520929279
44.8,2.4,4,5,0,0,2,2,1,0,50.56322991,-4.520929279
40.1,3.3,6,5,1,0,2,2,1,0,50.56322991,-4.520929279
34.1997,3.5,6,7,1,0,2,2,1,0,50.56322991,-4.520929279
30.5499,3.5,6,5,1,0,2,2,1,0,50.56322991,-4.520929279
29.6,4.5,8,5,1,0,2,2,1,0,50.56322991,-4.520929279
27.2,4.5,8,5,1,0,2,2,1,0,50.56322991,-4.520929279
29.7559,5,8,6,1,0,2,2,1,0,50.56322991,-4.520929279
32.6701,5,8,6,1,0,2,2,1,1,50.56322991,-4.520929279
31.0736,5,8,6,1,0,2,2,1,1,50.56322991,-4.520929279
33.3052,4.6,8,4,1,1,1,1,0,0,50.56322991,-4.520929279
31.5,3.5,6,6,1,1,2,2,1,0,50.56322991,-4.520929279
34.7,3.5,6,6,1,1,2,2,1,0,50.56322991,-4.520929279
33,3.5,6,6,1,1,2,2,1,0,50.56322991,-4.520929279
33.3052,4.6,8,4,1,1,1,1,0,0,50.56322991,-4.520929279
24.1837,4.2,8,6,0,0,2,2,1,0,50.56322991,-4.520929279
25.5102,4.7,8,6,0,0,2,2,1,0,50.56322991,-4.520929279
21.4,5.5,12,5,1,0,2,1,1,0,50.56322991,-4.520929279
21.4,6,12,5,1,0,2,1,1,0,50.56322991,-4.520929279
21.7,6,12,5,1,0,2,1,1,0,50.56322991,-4.520929279
32,5.5,8,7,1,0,2,2,1,0,50.56322991,-4.520929279
29.8,5.5,8,7,1,0,2,2,1,0,50.56322991,-4.520929279
23.9,5.5,12,5,1,0,2,1,1,0,50.56322991,-4.520929279
24.6,6.3,8,7,1,0,2,2,1,0,50.56322991,-4.520929279
23.1,6,12,5,1,0,2,1,1,0,50.56322991,-4.520929279
35,3.5,6,7,1,0,2,2,1,0,50.56322991,-4.520929279
33.2603,4.8,8,7,1,0,2,2,1,1,50.56322991,-4.520929279
33.2603,4.8,8,7,1,0,2,2,1,1,50.56322991,-4.520929279
32.0263,4.8,8,7,1,0,2,2,1,1,50.56322991,-4.520929279
27.3,6.6,12,8,1,0,2,2,1,0,50.56322991,-4.520929279
24.2,6.7,12,6,1,0,2,2,1,0,50.56322991,-4.520929279
39.8,3.5,6,6,1,0,2,2,1,0,50.56322991,-4.520929279
40.4003,2,4,6,0,0,2,2,1,0,50.56322991,-4.520929279
38.8702,2,4,6,0,0,2,2,1,0,50.56322991,-4.520929279
60.1,2,4,6,0,0,2,2,0,0,50.56322991,-4.520929279
37.1,2,4,6,0,0,2,2,1,0,50.56322991,-4.520929279
37.7989,2,4,6,1,0,2,2,1,1,50.56322991,-4.520929279
38.1696,3,6,6,1,0,2,2,1,1,50.56322991,-4.520929279
36.798,3,6,6,1,0,2,2,1,1,50.56322991,-4.520929279
35.5404,3,6,6,1,0,2,2,1,1,50.56322991,-4.520929279
35.4606,3,6,6,0,0,2,2,1,1,50.56322991,-4.520929279
38.3,3,6,6,1,0,2,2,1,0,50.56322991,-4.520929279
37,3.6,6,6,1,0,2,2,1,0,50.56322991,-4.520929279
36.1,3,6,6,1,0,2,2,1,0,50.56322991,-4.520929279
37.2,3.6,6,6,1,0,2,2,1,0,50.56322991,-4.520929279
43.9,2,4,5,0,0,2,2,1,0,50.56322991,-4.520929279
38,2,4,1,1,0,2,2,1,0,50.56322991,-4.520929279
35.3,2.4,4,1,1,0,2,2,1,0,50.56322991,-4.520929279
40.1,2.4,4,5,0,0,2,2,1,0,50.56322991,-4.520929279
46.2622,1.5,4,5,0,0,2,2,1,0,50.56322991,-4.520929279
49.3,1.5,4,5,1,0,2,2,1,0,50.56322991,-4.520929279
47.4,1.5,4,5,1,0,2,2,1,0,50.56322991,-4.520929279
42.6,2,4,4,1,0,2,2,1,0,50.56322991,-4.520929279
43.5,2,4,5,0,0,2,2,1,0,50.56322991,-4.520929279
33.3,3.5,6,5,1,0,2,2,1,0,50.56322991,-4.520929279
32.349,3.5,6,5,1,0,2,2,1,0,50.56322991,-4.520929279
43.5,1.6,4,4,1,0,2,2,1,0,50.56322991,-4.520929279
44.2,1.6,4,5,0,0,2,2,1,0,50.56322991,-4.520929279
41.8,2,4,4,1,1,2,2,1,0,50.56322991,-4.520929279
42.8,2,4,5,0,0,2,2,1,0,50.56322991,-4.520929279
34.7,2,4,6,1,0,2,2,1,0,50.56322991,-4.520929279
37.2218,2.4,4,5,0,0,2,2,1,0,50.56322991,-4.520929279
37.4911,2.4,4,1,0,0,2,2,1,0,50.56322991,-4.520929279
41.799,1.8,4,6,0,0,2,2,1,0,50.56322991,-4.520929279
43.2609,1.8,4,1,1,0,2,2,1,0,50.56322991,-4.520929279
43.7,1.8,4,4,1,0,2,2,1,0,50.56322991,-4.520929279
44.8,1.8,4,5,0,0,2,2,1,0,50.56322991,-4.520929279
40,2.4,4,5,1,0,2,2,1,0,50.56322991,-4.520929279
38.6,2.4,4,5,0,0,2,2,1,0,50.56322991,-4.520929279
35.5877,2.4,4,4,1,0,2,2,1,0,50.56322991,-4.520929279
37.5,2,4,5,1,0,2,2,0,0,50.56322991,-4.520929279
43.1,2,4,6,0,0,2,2,0,0,50.56322991,-4.520929279
41.0456,2,4,6,0,0,2,2,0,0,50.56322991,-4.520929279
38.4627,2,4,6,1,0,2,2,0,0,50.56322991,-4.520929279
38.2,2,4,5,1,0,2,2,0,0,50.56322991,-4.520929279
37.071,2.5,4,5,0,0,2,2,0,1,50.56322991,-4.520929279
35.9226,2.5,4,4,1,0,2,2,0,1,50.56322991,-4.520929279
34.1435,2.5,4,5,0,0,2,2,1,0,50.56322991,-4.520929279
32.9103,2.5,4,4,1,0,2,2,1,0,50.56322991,-4.520929279
31.8,2.5,4,6,0,0,2,2,1,0,50.56322991,-4.520929279
42.3461,2,4,6,0,0,2,2,1,0,50.56322991,-4.520929279
41.5661,2,4,1,1,0,2,2,1,0,50.56322991,-4.520929279
41.7078,2,4,6,0,0,2,2,1,0,50.56322991,-4.520929279
40.2345,2,4,1,1,0,2,2,1,0,50.56322991,-4.520929279
43.629,1.8,4,4,1,0,2,2,1,0,50.56322991,-4.520929279
44.7393,1.8,4,5,0,0,2,2,1,0,50.56322991,-4.520929279
36.1596,2.4,4,4,1,0,2,2,1,0,50.56322991,-4.520929279
38.9575,2.4,4,5,0,0,2,2,1,0,50.56322991,-4.520929279
40.2796,2.4,4,5,1,0,2,2,1,0,50.56322991,-4.520929279
38.7,2.4,4,5,0,0,2,2,1,0,50.56322991,-4.520929279
38.7,2.4,4,4,1,0,2,2,1,0,50.56322991,-4.520929279
60.1,2,4,6,0,0,2,2,0,0,50.56322991,-4.520929279
58.535,2,4,6,0,0,2,2,0,0,50.56322991,-4.520929279
39.5714,2.5,5,5,0,0,2,2,1,0,50.56322991,-4.520929279
40.0169,2.5,5,6,0,0,2,2,1,0,50.56322991,-4.520929279
37.6,2.5,5,5,1,0,2,2,1,0,50.56322991,-4.520929279
37.5,2.5,5,6,0,0,2,2,1,0,50.56322991,-4.520929279
39.348,2.4,5,5,1,0,2,2,1,0,50.56322991,-4.520929279
40.4,2.5,5,6,0,0,2,2,1,0,50.56322991,-4.520929279
40.6,2.5,5,5,1,0,2,2,1,0,50.56322991,-4.520929279
34.7286,3,6,6,1,0,2,2,1,0,50.56322991,-4.520929279
32.5289,3,6,6,0,0,2,2,1,0,50.56322991,-4.520929279
33.7229,3,6,6,1,0,2,2,1,0,50.56322991,-4.520929279
37.0711,2.4,4,4,1,0,2,2,1,0,50.56322991,-4.520929279
35.9,2.7,6,5,1,0,2,2,1,0,50.56322991,-4.520929279
42,2,4,6,0,0,2,2,1,0,50.56322991,-4.520929279
36.4,3.2,6,6,1,0,2,2,1,0,50.56322991,-4.520929279
34.1514,2.9,4,4,1,0,2,2,0,0,50.56322991,-4.520929279
35.3237,2.9,4,5,0,0,2,2,0,0,50.56322991,-4.520929279
31.8217,3.7,5,4,1,0,2,2,0,0,50.56322991,-4.520929279
27.9,5.3,8,4,1,0,1,1,1,0,50.56322991,-4.520929279
27,3.7,5,4,1,0,2,2,0,0,50.56322991,-4.520929279
34.3,2.9,4,4,1,0,2,2,0,0,50.56322991,-4.520929279
35.5,2.9,4,5,0,0,2,2,0,0,50.56322991,-4.520929279
31.6,3.7,5,4,1,0,2,2,0,0,50.56322991,-4.520929279
27.9,5.3,8,4,1,0,1,1,1,0,50.56322991,-4.520929279
32.8232,2.3,4,5,1,1,2,2,0,0,50.56322991,-4.520929279
37.7,2.3,4,5,0,1,2,2,0,0,50.56322991,-4.520929279
28.6,4,6,5,0,1,1,1,0,0,50.56322991,-4.520929279
28.5,4,6,5,1,1,1,1,0,0,50.56322991,-4.520929279
34.1796,2.9,4,4,1,0,2,2,0,0,50.56322991,-4.520929279
35.2582,2.9,4,5,0,0,2,2,0,0,50.56322991,-4.520929279
31.8467,3.7,5,4,1,0,2,2,0,0,50.56322991,-4.520929279
27.9,5.3,8,4,1,0,1,1,1,0,50.56322991,-4.520929279
27,3.7,5,4,1,0,2,2,0,0,50.56322991,-4.520929279
34.3,2.9,4,4,1,0,2,2,0,0,50.56322991,-4.520929279
35.5,2.9,4,5,0,0,2,2,0,0,50.56322991,-4.520929279
31.6,3.7,5,4,1,0,2,2,0,0,50.56322991,-4.520929279
27.9,5.3,8,4,1,0,1,1,1,0,50.56322991,-4.520929279
30.1688,2.5,4,5,1,0,2,2,1,0,50.56322991,-4.520929279
31.7,2.5,4,5,0,0,2,2,1,0,50.56322991,-4.520929279
27.7366,4,6,5,1,0,2,2,1,0,50.56322991,-4.520929279
27.5894,4,6,6,0,0,2,2,1,0,50.56322991,-4.520929279
30.2,2.5,4,5,1,0,2,2,1,0,50.56322991,-4.520929279
31.8,2.5,4,5,0,0,2,2,1,0,50.56322991,-4.520929279
27.7857,4,6,5,1,0,2,2,1,0,50.56322991,-4.520929279
35.4291,2.7,4,4,1,0,2,2,1,0,50.56322991,-4.520929279
36.1463,2.7,4,5,0,0,2,2,1,0,50.56322991,-4.520929279
29.2,4,6,5,1,0,2,2,1,0,50.56322991,-4.520929279
25.3,4,6,6,0,0,2,2,1,0,50.56322991,-4.520929279
32.4,2.9,4,4,1,0,2,2,0,0,50.56322991,-4.520929279
34.1,2.9,4,5,0,0,2,2,0,0,50.56322991,-4.520929279
31.4112,3.7,5,4,1,0,2,2,0,0,50.56322991,-4.520929279
26.6,5.3,8,4,1,0,1,1,1,0,50.56322991,-4.520929279
29.7999,3.7,5,4,1,0,2,2,0,0,50.56322991,-4.520929279
29.7999,3.7,5,4,1,0,2,2,0,0,50.56322991,-4.520929279
26.6,5.3,8,4,1,0,1,1,1,0,50.56322991,-4.520929279
26.2,4,6,5,0,1,1,1,0,0,50.56322991,-4.520929279
24.6648,4,6,5,1,1,1,1,0,0,50.56322991,-4.520929279
32.4,2.9,4,4,1,0,2,2,0,0,50.56322991,-4.520929279
34.1,2.9,4,5,0,0,2,2,0,0,50.56322991,-4.520929279
31.3858,3.7,5,4,1,0,2,2,0,0,50.56322991,-4.520929279
26.6,5.3,8,4,1,0,1,1,1,0,50.56322991,-4.520929279
29.7999,3.7,5,4,1,0,2,2,0,0,50.56322991,-4.520929279
29.7999,3.7,5,4,1,0,2,2,0,0,50.56322991,-4.520929279
26.6,5.3,8,4,1,0,1,1,1,0,50.56322991,-4.520929279
26.82,4,6,6,0,0,2,2,1,0,50.56322991,-4.520929279
26.6538,4,6,5,1,0,2,2,1,0,50.56322991,-4.520929279
26.3846,4,6,5,1,0,2,2,1,0,50.56322991,-4.520929279
30.3,2.7,4,5,0,0,2,2,1,0,50.56322991,-4.520929279
28.3,4,6,5,1,0,2,2,1,0,50.56322991,-4.520929279
24.4,4,6,6,0,0,2,2,1,0,50.56322991,-4.520929279
27.8055,4.3,6,4,1,0,1,1,0,0,50.56322991,-4.520929279
26.2283,4.8,8,4,1,0,1,1,1,0,50.56322991,-4.520929279
29.3708,5.3,8,6,1,0,1,1,1,0,50.56322991,-4.520929279
26.1,6.2,8,6,1,0,1,1,1,0,50.56322991,-4.520929279
30.5,6,8,1,0,0,1,1,1,0,50.56322991,-4.520929279
30.4,5.3,8,6,1,0,1,1,1,0,50.56322991,-4.520929279
28.1,3.7,6,4,1,0,1,1,0,0,50.56322991,-4.520929279
25.6,4.7,8,5,1,0,1,1,0,0,50.56322991,-4.520929279
27.8,3.7,6,4,1,0,1,1,0,0,50.56322991,-4.520929279
25.6,4.7,8,5,1,0,1,1,0,0,50.56322991,-4.520929279
27.1,5.7,8,5,1,0,1,1,1,0,50.56322991,-4.520929279
27.8,4,6,5,1,1,1,1,0,0,50.56322991,-4.520929279
29,4.6,8,6,1,1,2,1,0,0,50.56322991,-4.520929279
27.0426,5.4,8,6,1,0,2,1,0,0,50.56322991,-4.520929279
26.7829,4.6,8,4,1,0,1,1,0,0,50.56322991,-4.520929279
28.4633,4.6,8,6,1,1,2,1,0,0,50.56322991,-4.520929279
27.8522,4.3,6,4,1,0,1,1,0,0,50.56322991,-4.520929279
26.2125,4.8,8,4,1,0,1,1,1,0,50.56322991,-4.520929279
29.3645,5.3,8,6,1,0,1,1,1,0,50.56322991,-4.520929279
26.1,6.2,8,6,1,0,1,1,1,0,50.56322991,-4.520929279
30.5,6,8,1,0,0,1,1,1,0,50.56322991,-4.520929279
30.4,5.3,8,6,1,0,1,1,1,0,50.56322991,-4.520929279
24.9815,5.6,8,5,1,0,2,2,1,0,50.56322991,-4.520929279
25.0089,5.6,8,5,1,0,2,2,1,0,50.56322991,-4.520929279
25.7499,4,6,5,1,0,2,2,1,0,50.56322991,-4.520929279
28.0212,4.6,8,6,1,0,2,2,1,0,50.56322991,-4.520929279
25.5551,5.7,8,6,1,0,2,2,1,0,50.56322991,-4.520929279
24.1937,4.3,6,4,1,0,1,1,0,0,50.56322991,-4.520929279
24.1496,4.8,8,4,1,0,1,1,1,0,50.56322991,-4.520929279
29.0205,5.3,8,6,1,0,1,1,1,0,50.56322991,-4.520929279
25.7999,6.2,8,6,1,0,1,1,1,0,50.56322991,-4.520929279
30.2999,6,8,1,0,0,1,1,1,0,50.56322991,-4.520929279
24.4,3.7,6,4,1,0,1,1,0,0,50.56322991,-4.520929279
25.6,4.7,8,5,1,0,1,1,0,0,50.56322991,-4.520929279
24.5,4.7,8,5,1,0,1,1,1,0,50.56322991,-4.520929279
25.4,5.7,8,5,1,0,1,1,1,0,50.56322991,-4.520929279
25.7535,4,6,5,1,1,1,1,0,0,50.56322991,-4.520929279
26.6622,4.6,8,6,1,1,2,1,0,0,50.56322991,-4.520929279
24.7939,5.4,8,6,1,0,2,1,0,0,50.56322991,-4.520929279
27.1061,4.6,8,6,1,0,2,1,0,0,50.56322991,-4.520929279
25.2298,4.6,8,4,1,0,1,1,0,0,50.56322991,-4.520929279
24.1937,4.3,6,4,1,0,1,1,0,0,50.56322991,-4.520929279
24.1534,4.8,8,4,1,0,1,1,1,0,50.56322991,-4.520929279
29.0185,5.3,8,6,1,0,1,1,1,0,50.56322991,-4.520929279
25.8026,6.2,8,6,1,0,1,1,1,0,50.56322991,-4.520929279
30.2999,6,8,1,0,0,1,1,1,0,50.56322991,-4.520929279
25.7999,6.2,8,6,1,0,1,1,1,0,50.56322991,-4.520929279
28.2,3.5,6,5,1,0,2,2,1,1,50.56322991,-4.520929279
25.2,3.7,5,5,0,0,2,2,0,0,50.56322991,-4.520929279
25.1,3.7,5,4,1,0,2,2,0,0,50.56322991,-4.520929279
22.2999,5.3,8,4,1,0,1,1,1,0,50.56322991,-4.520929279
23.061,5.6,8,5,1,0,2,2,1,0,50.56322991,-4.520929279
23.1109,5.6,8,5,1,0,2,2,1,0,50.56322991,-4.520929279
26.2295,4.6,8,6,1,0,2,2,1,0,50.56322991,-4.520929279
23.4318,5.7,8,6,1,0,2,2,1,0,50.56322991,-4.520929279
23.9993,5.7,8,6,1,0,2,2,1,0,50.56322991,-4.520929279
27.6,4.3,6,4,1,0,1,1,0,0,50.56322991,-4.520929279
24.2999,5.3,8,4,1,0,1,1,1,0,50.56322991,-4.520929279
23.2999,5.3,8,4,1,0,1,1,1,0,50.56322991,-4.520929279
22.7619,5.3,8,4,1,0,1,1,1,0,50.56322991,-4.520929279
22.9,5.3,8,4,1,0,1,1,1,0,50.56322991,-4.520929279
27.6,4.3,6,4,1,0,1,1,0,0,50.56322991,-4.520929279
24.2999,5.3,8,4,1,0,1,1,1,0,50.56322991,-4.520929279
23.2999,5.3,8,4,1,0,1,1,1,0,50.56322991,-4.520929279
22.7619,5.3,8,4,1,0,1,1,1,0,50.56322991,-4.520929279
22.9,5.3,8,4,1,0,1,1,1,0,50.56322991,-4.520929279
23.2999,5.3,8,4,1,0,1,1,1,0,50.56322991,-4.520929279
22.9,5.3,8,4,1,0,1,1,1,0,50.56322991,-4.520929279
23.2999,5.3,8,4,1,0,1,1,1,0,50.56322991,-4.520929279
22.9,5.3,8,4,1,0,1,1,1,0,50.56322991,-4.520929279
35,2,4,4,1,1,2,2,0,0,50.56322991,-4.520929279
33.0988,3.3,6,4,1,0,1,1,0,0,50.56322991,-4.520929279
31.9,3.8,6,6,1,0,1,1,0,0,50.56322991,-4.520929279
35.2,4,6,6,1,0,2,2,0,0,50.56322991,-4.520929279
33.0988,3.3,6,4,1,0,1,1,0,0,50.56322991,-4.520929279
31.9,3.8,6,6,1,0,1,1,0,0,50.56322991,-4.520929279
35.2,4,6,6,1,0,2,2,0,0,50.56322991,-4.520929279
35.5,3.5,6,5,1,0,2,2,1,0,50.56322991,-4.520929279
32.4,3.5,6,5,1,0,2,2,1,0,50.56322991,-4.520929279
32.4,3.8,6,5,1,0,2,2,1,0,50.56322991,-4.520929279
32.4,3.8,6,5,1,0,2,2,1,0,50.56322991,-4.520929279
39.2,2.3,4,5,0,0,2,2,1,0,50.56322991,-4.520929279
38.1,2.3,4,5,1,0,2,2,1,0,50.56322991,-4.520929279
34,3.5,6,5,1,0,2,2,1,0,50.56322991,-4.520929279
31.9,3.8,6,6,1,0,1,1,0,0,50.56322991,-4.520929279
35.2,4,6,6,1,0,2,2,0,0,50.56322991,-4.520929279
29.2,3.5,6,5,1,0,2,2,1,0,50.56322991,-4.520929279
34.4,2.3,4,5,1,0,2,2,1,1,50.56322991,-4.520929279
33,3.6,6,6,1,0,2,2,1,0,50.56322991,-4.520929279
28.4,6.2,8,6,1,0,1,1,1,0,50.56322991,-4.520929279
30.5,6,8,1,0,0,1,1,1,0,50.56322991,-4.520929279
28.4,6.2,8,6,1,0,1,1,1,0,50.56322991,-4.520929279
34.5,3,6,6,1,0,2,2,1,0,50.56322991,-4.520929279
28.9935,5.3,8,6,1,0,1,1,1,0,50.56322991,-4.520929279
26,6.2,8,6,1,0,1,1,1,0,50.56322991,-4.520929279
28.9935,5.3,8,6,1,0,1,1,1,0,50.56322991,-4.520929279
26,6.2,8,6,1,0,1,1,1,0,50.56322991,-4.520929279
28.9935,5.3,8,6,1,0,1,1,1,0,50.56322991,-4.520929279
30.5,6,8,1,0,0,1,1,1,0,50.56322991,-4.520929279
45.1,2.4,4,6,1,0,2,2,1,0,50.56322991,-4.520929279
34.5482,3,6,6,1,0,2,2,1,0,50.56322991,-4.520929279
40.3,2,4,4,1,0,2,2,1,0,50.56322991,-4.520929279
40.6,2,4,5,0,0,2,2,1,0,50.56322991,-4.520929279
42.3991,2.2,4,4,1,0,2,2,1,0,50.56322991,-4.520929279
44.9991,2.2,4,5,0,0,2,2,1,0,50.56322991,-4.520929279
41.9,2.4,4,5,0,0,2,2,1,0,50.56322991,-4.520929279
41.5,2.4,4,4,1,0,2,2,1,0,50.56322991,-4.520929279
42.3991,2.2,4,4,1,0,2,2,1,0,50.56322991,-4.520929279
44.9991,2.2,4,5,0,0,2,2,1,0,50.56322991,-4.520929279
41.9,2.4,4,5,0,0,2,2,1,0,50.56322991,-4.520929279
41.5,2.4,4,4,1,0,2,2,1,0,50.56322991,-4.520929279
33,3.6,6,6,1,0,2,2,1,0,50.56322991,-4.520929279
34.1,2.4,4,4,1,0,2,2,0,0,50.56322991,-4.520929279
35,2.4,4,4,1,0,2,2,1,0,50.56322991,-4.520929279
33.2,3.5,6,6,1,0,2,2,0,0,50.56322991,-4.520929279
30.5,3.7,6,4,1,0,1,1,0,0,50.56322991,-4.520929279
29.4,4,6,5,1,0,2,2,0,0,50.56322991,-4.520929279
34.2,3.5,6,6,1,1,2,2,0,0,50.56322991,-4.520929279
39.2,2.5,4,6,1,0,2,2,1,0,50.56322991,-4.520929279
38.6,2.5,4,5,0,0,2,2,1,0,50.56322991,-4.520929279
34.8,3,6,6,1,0,2,2,1,0,50.56322991,-4.520929279
42.9,2.5,4,1,0,0,2,2,1,0,50.56322991,-4.520929279
27,5.4,8,6,1,0,2,1,0,0,50.56322991,-4.520929279
27.8,4,6,5,1,1,1,1,0,0,50.56322991,-4.520929279
29,4.6,8,6,1,1,2,1,0,0,50.56322991,-4.520929279
34.2,3.5,6,6,1,1,2,2,0,0,50.56322991,-4.520929279
33,3.6,6,6,1,0,2,2,1,0,50.56322991,-4.520929279
28.9935,5.3,8,6,1,0,1,1,1,0,50.56322991,-4.520929279
28.4,6.2,8,6,1,0,1,1,1,0,50.56322991,-4.520929279
30.5,6,8,1,0,0,1,1,1,0,50.56322991,-4.520929279
28.9935,5.3,8,6,1,0,1,1,1,0,50.56322991,-4.520929279
28.4,6.2,8,6,1,0,1,1,1,0,50.56322991,-4.520929279
26,6.2,8,6,1,0,1,1,1,0,50.56322991,-4.520929279
45.1,2.4,4,6,1,0,2,2,1,0,50.56322991,-4.520929279
34.5482,3,6,6,1,0,2,2,1,0,50.56322991,-4.520929279
38.3,3.5,6,5,1,0,2,2,1,1,50.56322991,-4.520929279
39.2,2.4,4,5,1,0,2,2,1,1,50.56322991,-4.520929279
34.3,2.4,4,5,1,0,2,2,1,1,50.56322991,-4.520929279
31.9,2.4,4,5,0,0,2,2,1,1,50.56322991,-4.520929279
31.9475,3.5,6,5,1,0,2,2,1,1,50.56322991,-4.520929279
38.6,2.4,4,6,1,0,2,2,1,0,50.56322991,-4.520929279
36.7,2.4,4,6,0,0,2,2,1,0,50.56322991,-4.520929279
36.4,3.5,6,6,1,0,2,2,1,0,50.56322991,-4.520929279
41.6,2.4,4,6,0,0,2,2,1,0,50.56322991,-4.520929279
43.2286,2.4,4,6,1,0,2,2,1,0,50.56322991,-4.520929279
32.5,3.8,6,6,1,0,2,2,1,0,50.56322991,-4.520929279
31.4961,3.5,6,7,1,0,2,2,1,0,50.56322991,-4.520929279
24.2,5.6,8,5,1,0,2,2,1,0,50.56322991,-4.520929279
27.2,3.7,6,5,1,0,1,1,0,0,50.56322991,-4.520929279
27.1,5.7,8,5,1,0,1,1,1,0,50.56322991,-4.520929279
40.2397,2,4,5,0,0,2,2,1,0,50.56322991,-4.520929279
38,2,4,1,1,0,2,2,1,0,50.56322991,-4.520929279
39.2,2.4,4,5,0,0,2,2,1,0,50.56322991,-4.520929279
34.7,2.4,4,1,1,0,2,2,1,0,50.56322991,-4.520929279
28.8,3.7,6,5,1,0,1,1,0,0,50.56322991,-4.520929279
27.1,5.7,8,5,1,0,1,1,1,0,50.56322991,-4.520929279
30.5,3.7,6,4,1,0,1,1,0,0,50.56322991,-4.520929279
40.2397,2,4,5,0,0,2,2,1,0,50.56322991,-4.520929279
38,2,4,1,1,0,2,2,1,0,50.56322991,-4.520929279
39.2,2.4,4,5,0,0,2,2,1,0,50.56322991,-4.520929279
34.7,2.4,4,1,1,0,2,2,1,0,50.56322991,-4.520929279
28.2,3.8,6,4,1,0,1,1,0,0,50.56322991,-4.520929279
29.5,3.8,6,5,1,0,2,2,1,0,50.56322991,-4.520929279
29.9,4.6,8,6,1,0,2,2,1,0,50.56322991,-4.520929279
34.5,2,4,4,1,0,2,2,1,0,50.56322991,-4.520929279
35.3,2,4,5,0,0,2,2,1,0,50.56322991,-4.520929279
32.7,2.7,6,4,1,0,2,2,0,0,50.56322991,-4.520929279
34.5,3.5,6,6,1,0,2,2,1,0,50.56322991,-4.520929279
39.0959,3.5,6,1,0,0,2,2,1,0,50.56322991,-4.520929279
32.2,3.5,6,6,1,1,2,2,1,0,50.56322991,-4.520929279
34.2,3.5,6,6,1,1,2,2,0,0,50.56322991,-4.520929279
27,5.4,8,6,1,0,2,1,0,0,50.56322991,-4.520929279
34.7,2.3,4,6,1,0,2,2,1,0,50.56322991,-4.520929279
38.6,2.5,4,5,1,0,2,2,1,0,50.56322991,-4.520929279
30.5,3.7,6,6,1,0,2,2,1,0,50.56322991,-4.520929279
38.6,2.5,4,5,0,0,2,2,1,0,50.56322991,-4.520929279
39.2,2.5,4,6,1,0,2,2,1,0,50.56322991,-4.520929279
34.8,3,6,6,1,0,2,2,1,0,50.56322991,-4.520929279
42.9,2.5,4,1,0,0,2,2,1,0,50.56322991,-4.520929279
30.6,3.5,6,7,1,0,2,2,1,0,50.56322991,-4.520929279
28.7,3.5,6,7,1,0,2,2,1,0,50.56322991,-4.520929279
39.2,2.5,4,6,1,0,2,2,1,0,50.56322991,-4.520929279
34.8,3,6,6,1,1,2,2,1,0,50.56322991,-4.520929279
42.9,2.5,4,1,0,0,2,2,1,0,50.56322991,-4.520929279
27.8,4,6,5,1,1,1,1,0,0,50.56322991,-4.520929279
29,4.6,8,6,1,1,2,1,0,0,50.56322991,-4.520929279
37.9764,2.4,4,1,0,0,2,2,1,0,50.56322991,-4.520929279
35.2887,3,6,6,1,0,2,2,0,1,50.56322991,-4.520929279
29.8099,3.8,6,4,1,0,2,2,0,1,50.56322991,-4.520929279
24.9477,5.6,8,5,1,0,2,2,1,0,50.56322991,-4.520929279
25.1952,5.6,8,5,1,0,2,2,1,0,50.56322991,-4.520929279
32.4076,3.5,6,1,1,0,2,2,1,0,50.56322991,-4.520929279
29.9,4,6,5,1,0,2,2,1,0,50.56322991,-4.520929279
30.9375,4,6,5,1,0,2,2,1,0,50.56322991,-4.520929279
38.0299,2.5,4,1,1,0,2,2,1,0,50.56322991,-4.520929279
28.0488,4,6,6,0,0,2,2,1,0,50.56322991,-4.520929279
28.6549,4,6,5,1,0,2,2,1,0,50.56322991,-4.520929279
33,3.6,6,6,1,0,2,2,1,0,50.56322991,-4.520929279
37,2.4,4,4,1,0,2,2,1,0,50.56322991,-4.520929279
33,3.6,6,6,1,0,2,2,1,0,50.56322991,-4.520929279
33.2,3.6,6,6,1,0,2,2,1,0,50.56322991,-4.520929279
45.3,2.4,4,4,1,0,2,2,1,0,50.56322991,-4.520929279
35.8103,2.4,4,5,0,0,2,2,1,0,50.56322991,-4.520929279
34.2831,2.4,4,4,1,0,2,2,1,0,50.56322991,-4.520929279
33.7628,3.2,6,5,1,0,2,2,1,0,50.56322991,-4.520929279
31.7,2.7,4,4,1,0,2,2,1,0,50.56322991,-4.520929279
31.4,4,6,5,1,0,2,2,1,0,50.56322991,-4.520929279
30.2,4,6,5,1,0,2,2,1,0,50.56322991,-4.520929279
37.8,2.7,4,6,1,0,2,2,1,0,50.56322991,-4.520929279
33.1,3.5,6,5,1,0,2,2,1,0,50.56322991,-4.520929279
39.7,2.5,4,4,1,0,2,2,1,0,50.56322991,-4.520929279
37.3499,3.5,6,5,1,0,2,2,1,0,50.56322991,-4.520929279
26.5484,4.6,8,6,1,0,2,2,1,0,50.56322991,-4.520929279
25.6179,5.7,8,6,1,0,2,2,1,0,50.56322991,-4.520929279
40.6,2.7,4,6,1,0,2,2,1,0,50.56322991,-4.520929279
36.6,3.5,6,6,1,0,2,2,1,0,50.56322991,-4.520929279
34.1,2,4,6,0,0,2,2,1,0,50.56322991,-4.520929279
36.2,2,4,6,0,0,2,2,1,0,50.56322991,-4.520929279
36.4,3.2,6,6,1,0,2,2,1,0,50.56322991,-4.520929279
29.7,3.2,6,6,1,0,2,2,1,0,50.56322991,-4.520929279
28.7,3.5,6,6,1,0,2,2,1,1,50.56322991,-4.520929279
31.9,2.3,4,5,1,0,2,2,1,1,50.56322991,-4.520929279
31.6,3.7,6,6,1,0,2,2,1,1,50.56322991,-4.520929279
30.7,3.2,6,6,0,0,2,2,1,1,50.56322991,-4.520929279
33.2,3,6,6,0,0,2,2,0,0,50.56322991,-4.520929279
26.1066,3.6,6,6,0,0,2,2,1,0,50.56322991,-4.520929279
24.6,4.2,8,6,1,0,2,2,1,0,50.56322991,-4.520929279
26.6,4.4,8,7,1,0,2,2,1,0,50.56322991,-4.520929279
33,3,6,6,1,0,2,2,1,1,50.56322991,-4.520929279
33.6,3,6,6,0,0,2,2,1,1,50.56322991,-4.520929279
29.6,3,6,6,1,0,2,2,1,1,50.56322991,-4.520929279
36.559,3,6,6,1,0,2,2,0,0,50.56322991,-4.520929279
26.7946,4.8,8,6,1,0,2,2,1,1,50.56322991,-4.520929279
23.1521,4.4,8,6,1,0,2,2,1,0,50.56322991,-4.520929279
29.5,3,6,6,1,0,2,2,1,0,50.56322991,-4.520929279
24.9,4.4,8,6,1,0,2,2,1,0,50.56322991,-4.520929279
23.1521,4.4,8,6,1,0,2,2,1,0,50.56322991,-4.520929279
30.9,3.6,6,6,1,0,2,2,1,0,50.56322991,-4.520929279
27.4,6.2,8,6,1,0,1,1,1,0,50.56322991,-4.520929279
30.2993,2.8,6,6,1,0,2,2,1,0,50.56322991,-4.520929279
31.3,3,6,6,1,0,2,2,1,0,50.56322991,-4.520929279
40.3,2.4,4,6,1,0,2,2,1,0,50.56322991,-4.520929279
33.1,3,6,6,1,0,2,2,1,0,50.56322991,-4.520929279
29,5.3,8,6,1,0,1,1,1,0,50.56322991,-4.520929279
30.2999,6,8,1,0,0,1,1,1,0,50.56322991,-4.520929279
31.6,3.6,6,6,1,0,2,2,1,0,50.56322991,-4.520929279
31.9,3.5,6,6,1,0,2,2,0,0,50.56322991,-4.520929279
28.5,3.7,6,4,1,0,1,1,0,0,50.56322991,-4.520929279
28.4,4,6,5,1,0,2,2,0,0,50.56322991,-4.520929279
31.4,3.5,6,6,1,1,2,2,0,0,50.56322991,-4.520929279
36.0307,2.5,4,6,1,0,2,2,1,0,50.56322991,-4.520929279
31.3917,3,6,6,1,0,2,2,1,0,50.56322991,-4.520929279
37.9,2.5,4,1,0,0,2,2,1,0,50.56322991,-4.520929279
23.8983,5.4,8,6,1,1,2,1,0,0,50.56322991,-4.520929279
25.7535,4,6,5,1,1,1,1,0,0,50.56322991,-4.520929279
26.6622,4.6,8,6,1,1,2,1,0,0,50.56322991,-4.520929279
30.3805,3.5,6,6,1,1,2,2,0,0,50.56322991,-4.520929279
30.2,3.5,6,6,1,1,2,2,1,0,50.56322991,-4.520929279
31.6,3.6,6,6,1,0,2,2,1,0,50.56322991,-4.520929279
29,5.3,8,6,1,0,1,1,1,0,50.56322991,-4.520929279
30.2999,6,8,1,0,0,1,1,1,0,50.56322991,-4.520929279
27.4,6.2,8,6,1,0,1,1,1,0,50.56322991,-4.520929279
40.3,2.4,4,6,1,0,2,2,1,0,50.56322991,-4.520929279
33.1,3,6,6,1,0,2,2,1,0,50.56322991,-4.520929279
34.6,3.5,6,5,1,0,2,2,1,1,50.56322991,-4.520929279
37.7098,2.4,4,5,1,0,2,2,1,1,50.56322991,-4.520929279
31.3,2.4,4,5,0,0,2,2,1,1,50.56322991,-4.520929279
33.5,2.4,4,5,1,0,2,2,1,1,50.56322991,-4.520929279
30.5,3.5,6,5,1,0,2,2,1,1,50.56322991,-4.520929279
25.2,3.7,5,5,0,0,2,2,0,0,50.56322991,-4.520929279
25.1,3.7,5,4,1,0,2,2,0,0,50.56322991,-4.520929279
22.2999,5.3,8,4,1,0,1,1,1,0,50.56322991,-4.520929279
37.6,2.4,4,6,1,0,2,2,1,0,50.56322991,-4.520929279
36,3.5,6,6,1,0,2,2,1,0,50.56322991,-4.520929279
39.2041,2.4,4,6,1,0,2,2,1,0,50.56322991,-4.520929279
38.6,2.4,4,6,0,0,2,2,1,0,50.56322991,-4.520929279
31.1,3.8,6,6,1,0,2,2,1,0,50.56322991,-4.520929279
29.7734,3.5,6,7,1,0,2,2,1,0,50.56322991,-4.520929279
27.2511,5,8,7,1,0,2,2,1,1,50.56322991,-4.520929279
23.6,5.6,8,5,1,0,2,2,1,0,50.56322991,-4.520929279
26.6,3.7,6,5,1,0,1,1,0,0,50.56322991,-4.520929279
26,5.7,8,5,1,0,1,1,1,0,50.56322991,-4.520929279
38.6,2.4,4,5,0,0,2,2,1,0,50.56322991,-4.520929279
33.6,2.4,4,1,1,0,2,2,1,0,50.56322991,-4.520929279
27.5,3.7,6,5,1,0,1,1,0,0,50.56322991,-4.520929279
26,5.7,8,5,1,0,1,1,1,0,50.56322991,-4.520929279
20.9,6.1,8,5,1,0,1,1,0,0,50.56322991,-4.520929279
28.5,3.7,6,4,1,0,1,1,0,0,50.56322991,-4.520929279
38.6,2.4,4,5,0,0,2,2,1,0,50.56322991,-4.520929279
33.6,2.4,4,1,1,0,2,2,1,0,50.56322991,-4.520929279
33.6,2.4,4,1,1,0,2,2,1,0,50.56322991,-4.520929279
26.163,3.8,6,6,1,0,1,1,0,0,50.56322991,-4.520929279
26.5632,3.8,6,4,1,0,1,1,0,0,50.56322991,-4.520929279
29.2986,3.8,6,5,1,0,2,2,1,0,50.56322991,-4.520929279
28.4,4.6,8,6,1,0,2,2,1,0,50.56322991,-4.520929279
33.4,2,4,5,0,0,2,2,1,0,50.56322991,-4.520929279
31.3,2.7,6,4,1,0,2,2,0,0,50.56322991,-4.520929279
30.347,3.2,6,6,1,0,2,2,1,1,50.56322991,-4.520929279
23.8204,5,8,6,1,0,2,2,1,1,50.56322991,-4.520929279
24.5722,5,8,6,1,0,2,2,1,0,50.56322991,-4.520929279
25.5082,5,8,6,1,0,2,2,1,1,50.56322991,-4.520929279
23.5743,5,8,6,1,0,2,2,1,0,50.56322991,-4.520929279
24.7928,5,8,6,1,0,2,2,1,1,50.56322991,-4.520929279
28.3,4.6,8,6,1,0,2,2,1,0,50.56322991,-4.520929279
24.1491,5.7,8,6,1,0,2,2,1,0,50.56322991,-4.520929279
33.7937,3.5,6,6,1,0,2,2,1,0,50.56322991,-4.520929279
38.7193,3.5,6,1,0,0,2,2,1,0,50.56322991,-4.520929279
29.9849,3.5,6,6,1,1,2,2,1,0,50.56322991,-4.520929279
30.2,3.5,6,6,1,1,2,2,1,0,50.56322991,-4.520929279
31.4,3.5,6,6,1,1,2,2,0,0,50.56322991,-4.520929279
31.7,2.3,4,6,1,0,2,2,1,0,50.56322991,-4.520929279
28.7,3.7,6,6,1,0,2,2,1,0,50.56322991,-4.520929279
37,2.5,4,6,1,0,2,2,1,0,50.56322991,-4.520929279
32.1,3,6,6,1,0,2,2,1,0,50.56322991,-4.520929279
37.9,2.5,4,1,0,0,2,2,1,0,50.56322991,-4.520929279
20.7,5.4,8,5,1,0,2,1,1,0,50.56322991,-4.520929279
20.1,5.5,8,7,1,0,2,2,1,0,50.56322991,-4.520929279
31.5,3,6,7,1,0,2,2,1,0,50.56322991,-4.520929279
23.8,4.7,8,7,1,0,2,2,1,0,50.56322991,-4.520929279
23.2,5.5,8,7,1,0,2,2,1,0,50.56322991,-4.520929279
28.6683,3.5,6,7,1,0,2,2,1,0,50.56322991,-4.520929279
27.3,3.5,6,7,1,0,2,2,1,0,50.56322991,-4.520929279
34.4,3,6,7,1,0,2,2,1,0,50.56322991,-4.520929279
24.6,5.5,8,7,1,0,2,2,1,0,50.56322991,-4.520929279
19.7,6.3,8,7,1,0,2,2,1,0,50.56322991,-4.520929279
33.7,3.5,6,8,0,0,2,2,1,0,50.56322991,-4.520929279
25.8,3.5,6,7,1,0,2,2,1,0,50.56322991,-4.520929279
33.3,3,6,7,1,0,2,2,1,0,50.56322991,-4.520929279
36.0307,2.5,4,6,1,0,2,2,1,0,50.56322991,-4.520929279
31.3917,3,6,6,1,0,2,2,1,0,50.56322991,-4.520929279
37.9,2.5,4,1,0,0,2,2,1,0,50.56322991,-4.520929279
25.7535,4,6,5,1,1,1,1,0,0,50.56322991,-4.520929279
26.6622,4.6,8,6,1,1,2,1,0,0,50.56322991,-4.520929279
35.2418,2.4,4,1,0,0,2,2,1,0,50.56322991,-4.520929279
32.9548,3,6,6,1,0,2,2,0,1,50.56322991,-4.520929279
26.9,3.8,6,4,1,0,2,2,0,1,50.56322991,-4.520929279
24.1924,5.6,8,5,1,0,2,2,1,0,50.56322991,-4.520929279
24.1491,5.6,8,5,1,0,2,2,1,0,50.56322991,-4.520929279
31.7082,3.5,6,1,1,0,2,2,1,0,50.56322991,-4.520929279
27.234,4,6,5,1,0,2,2,1,0,50.56322991,-4.520929279
24.2996,5.6,8,5,1,0,2,2,1,0,50.56322991,-4.520929279
35.8606,2.5,4,1,1,0,2,2,1,0,50.56322991,-4.520929279
27.1846,4,6,6,0,0,2,2,1,0,50.56322991,-4.520929279
27.5665,4,6,5,1,0,2,2,1,0,50.56322991,-4.520929279
27.5811,3.6,6,6,1,0,2,2,1,1,50.56322991,-4.520929279
28.1127,3.6,6,6,0,0,2,2,1,1,50.56322991,-4.520929279
25.56,4.8,8,6,1,0,2,2,1,1,50.56322991,-4.520929279
23.578,4.8,8,6,0,0,2,2,1,1,50.56322991,-4.520929279
26.388,4.8,8,6,1,0,2,2,1,1,50.56322991,-4.520929279
23.578,4.8,8,6,0,0,2,2,1,1,50.56322991,-4.520929279
25.7761,4.8,8,6,1,0,2,2,1,1,50.56322991,-4.520929279
25.7761,4.8,8,6,1,0,2,2,1,1,50.56322991,-4.520929279
25.7761,4.8,8,6,1,0,2,2,1,1,50.56322991,-4.520929279
31.6,3.6,6,6,1,0,2,2,1,0,50.56322991,-4.520929279
32.2,3.5,6,6,1,0,1,1,1,0,50.56322991,-4.520929279
32.1,3.6,6,6,1,0,2,2,1,0,50.56322991,-4.520929279
32.6,3.6,6,6,1,0,2,2,1,0,50.56322991,-4.520929279
37.071,2.5,4,5,0,0,2,2,0,1,50.56322991,-4.520929279
35.9226,2.5,4,4,1,0,2,2,0,1,50.56322991,-4.520929279
32.9103,2.5,4,4,1,0,2,2,1,0,50.56322991,-4.520929279
40.0816,2.5,4,1,1,0,2,2,0,1,50.56322991,-4.520929279
37.0574,2.5,4,6,0,0,2,2,0,1,50.56322991,-4.520929279
34.2708,3.6,6,5,1,0,2,2,0,1,50.56322991,-4.520929279
29.5,3.6,6,5,1,0,2,2,0,1,50.56322991,-4.520929279
34.2513,2.4,4,5,0,0,2,2,1,0,50.56322991,-4.520929279
32.2765,2.4,4,4,1,0,2,2,1,0,50.56322991,-4.520929279
32.2747,3.2,6,5,1,0,2,2,1,0,50.56322991,-4.520929279
30,4,6,5,1,0,2,2,1,0,50.56322991,-4.520929279
30,4,6,5,1,0,2,2,1,0,50.56322991,-4.520929279
28.9182,4,6,5,1,0,2,2,1,0,50.56322991,-4.520929279
26.8137,4,6,6,0,0,2,2,1,0,50.56322991,-4.520929279
31.3,3.5,6,5,1,0,2,2,1,0,50.56322991,-4.520929279
34.9989,3.3,6,1,0,0,2,2,1,0,50.56322991,-4.520929279
24.7491,5.7,8,6,1,0,2,2,1,0,50.56322991,-4.520929279
38.3778,2.5,4,4,1,0,2,2,1,0,50.56322991,-4.520929279
35.7494,3.5,6,5,1,0,2,2,1,0,50.56322991,-4.520929279
24.8718,4.6,8,6,1,0,2,2,1,0,50.56322991,-4.520929279
24.5,5.7,8,6,1,0,2,2,1,0,50.56322991,-4.520929279
24.2206,5.7,8,6,1,0,2,2,1,0,50.56322991,-4.520929279
38.7,2.7,4,6,1,0,2,2,1,0,50.56322991,-4.520929279
35,3.5,6,6,1,0,2,2,1,0,50.56322991,-4.520929279
33.3,2,4,6,0,0,2,2,1,0,50.56322991,-4.520929279
34.4,3,6,6,0,0,2,2,0,0,50.56322991,-4.520929279
26.1066,3.6,6,6,0,0,2,2,1,0,50.56322991,-4.520929279
29.7892,3,6,6,1,0,2,2,1,0,50.56322991,-4.520929279
30.4926,3.2,6,6,1,0,2,2,1,0,50.56322991,-4.520929279
29.7892,3,6,6,1,0,2,2,1,0,50.56322991,-4.520929279
30.4926,3.2,6,6,1,0,2,2,1,0,50.56322991,-4.520929279
29.7431,3.2,6,6,1,0,2,2,1,0,50.56322991,-4.520929279
26.2,4.4,8,6,1,0,2,2,1,0,50.56322991,-4.520929279
